Date,Page Views,Page Views (Log10),Quarterback
20160618,34,1.5314789170422551,Jackson
20160619,15,1.1760912590556813,Jackson
20160620,7,0.8450980400142568,Jackson
20160621,11,1.0413926851582251,Jackson
20160622,4,0.6020599913279624,Jackson
20160623,7,0.8450980400142568,Jackson
20160624,7,0.8450980400142568,Jackson
20160625,6,0.7781512503836436,Jackson
20160626,4,0.6020599913279624,Jackson
20160627,19,1.2787536009528289,Jackson
20160628,4,0.6020599913279624,Jackson
20160629,9,0.9542425094393249,Jackson
20160630,7,0.8450980400142568,Jackson
20160701,11,1.0413926851582251,Jackson
20160702,23,1.3617278360175928,Jackson
20160703,11,1.0413926851582251,Jackson
20160704,13,1.1139433523068367,Jackson
20160705,8,0.9030899869919435,Jackson
20160706,12,1.0791812460476249,Jackson
20160707,15,1.1760912590556813,Jackson
20160708,26,1.414973347970818,Jackson
20160709,14,1.146128035678238,Jackson
20160710,13,1.1139433523068367,Jackson
20160711,15,1.1760912590556813,Jackson
20160712,21,1.3222192947339193,Jackson
20160713,12,1.0791812460476249,Jackson
20160714,18,1.255272505103306,Jackson
20160715,16,1.2041199826559248,Jackson
20160716,15,1.1760912590556813,Jackson
20160717,8,0.9030899869919435,Jackson
20160718,11,1.0413926851582251,Jackson
20160719,18,1.255272505103306,Jackson
20160720,20,1.3010299956639813,Jackson
20160721,28,1.4471580313422192,Jackson
20160722,35,1.5440680443502757,Jackson
20160723,57,1.7558748556724915,Jackson
20160724,38,1.5797835966168101,Jackson
20160725,59,1.7708520116421442,Jackson
20160726,29,1.462397997898956,Jackson
20160727,38,1.5797835966168101,Jackson
20160728,12,1.0791812460476249,Jackson
20160729,34,1.5314789170422551,Jackson
20160730,20,1.3010299956639813,Jackson
20160731,20,1.3010299956639813,Jackson
20160801,34,1.5314789170422551,Jackson
20160802,17,1.2304489213782739,Jackson
20160803,21,1.3222192947339193,Jackson
20160804,22,1.3424226808222062,Jackson
20160805,16,1.2041199826559248,Jackson
20160806,21,1.3222192947339193,Jackson
20160807,22,1.3424226808222062,Jackson
20160808,37,1.568201724066995,Jackson
20160809,28,1.4471580313422192,Jackson
20160810,25,1.3979400086720377,Jackson
20160811,18,1.255272505103306,Jackson
20160812,28,1.4471580313422192,Jackson
20160813,33,1.5185139398778875,Jackson
20160814,19,1.2787536009528289,Jackson
20160815,29,1.462397997898956,Jackson
20160816,33,1.5185139398778875,Jackson
20160817,24,1.380211241711606,Jackson
20160818,18,1.255272505103306,Jackson
20160819,29,1.462397997898956,Jackson
20160820,28,1.4471580313422192,Jackson
20160821,30,1.4771212547196624,Jackson
20160822,39,1.591064607026499,Jackson
20160823,22,1.3424226808222062,Jackson
20160824,35,1.5440680443502757,Jackson
20160825,34,1.5314789170422551,Jackson
20160826,30,1.4771212547196624,Jackson
20160827,31,1.4913616938342726,Jackson
20160828,33,1.5185139398778875,Jackson
20160829,24,1.380211241711606,Jackson
20160830,27,1.4313637641589874,Jackson
20160831,52,1.7160033436347992,Jackson
20160901,247,2.392696953259666,Jackson
20160902,2449,3.388988785124714,Jackson
20160903,455,2.6580113966571126,Jackson
20160904,300,2.4771212547196626,Jackson
20160905,176,2.24551266781415,Jackson
20160906,182,2.2600713879850747,Jackson
20160907,223,2.3483048630481607,Jackson
20160908,127,2.103803720955957,Jackson
20160909,202,2.305351369446624,Jackson
20160910,19957,4.300095257323717,Jackson
20160911,2680,3.428134794028789,Jackson
20160912,1833,3.2631624649622166,Jackson
20160913,2564,3.4089180208467798,Jackson
20160914,2242,3.3506356082589543,Jackson
20160915,1750,3.2430380486862944,Jackson
20160916,2365,3.3738311450738303,Jackson
20160917,58508,4.767215252720028,Jackson
20160918,38851,4.589402201744208,Jackson
20160919,16132,4.207688213335581,Jackson
20160920,11237,4.050650380863914,Jackson
20160921,7527,3.876621916034273,Jackson
20160922,4596,3.6623800200162475,Jackson
20160923,4679,3.67015304519218,Jackson
20160924,6028,3.780173243642594,Jackson
20160925,18874,4.275863950712521,Jackson
20160926,5492,3.7397305285647175,Jackson
20160927,4469,3.6502103546603593,Jackson
20160928,6630,3.821513528404773,Jackson
20160929,5292,3.7236198355154633,Jackson
20160930,5436,3.7352794480604565,Jackson
20161001,13255,4.1223797320691125,Jackson
20161002,57068,4.756392652570267,Jackson
20161003,6695,3.8257505813480277,Jackson
20161004,3601,3.556423121371285,Jackson
20161005,3000,3.4771212547196626,Jackson
20161006,2022,3.3057811512549824,Jackson
20161007,1670,3.2227164711475833,Jackson
20161008,2173,3.3370597263205246,Jackson
20161009,2158,3.334051440346892,Jackson
20161010,1433,3.1562461903973444,Jackson
20161011,1365,3.1351326513767748,Jackson
20161012,1170,3.0681858617461617,Jackson
20161013,925,2.9661417327390325,Jackson
20161014,1824,3.2610248339923973,Jackson
20161015,6546,3.8159760009719856,Jackson
20161016,2009,3.3029799367482493,Jackson
20161017,1166,3.0666985504229953,Jackson
20161018,1191,3.0759117614827773,Jackson
20161019,1036,3.0153597554092144,Jackson
20161020,815,2.9111576087399764,Jackson
20161021,948,2.976808337338066,Jackson
20161022,11263,4.051654084113286,Jackson
20161023,6257,3.7963661549775214,Jackson
20161024,2649,3.423081958297231,Jackson
20161025,1777,3.2496874278053016,Jackson
20161026,1333,3.1248301494138593,Jackson
20161027,962,2.983175072037813,Jackson
20161028,1069,3.028977705208778,Jackson
20161029,5923,3.7725417326409434,Jackson
20161030,3495,3.5434471800817002,Jackson
20161031,1464,3.165541076722373,Jackson
20161101,1624,3.2105860249051563,Jackson
20161102,1183,3.0729847446279304,Jackson
20161103,931,2.9689496809813427,Jackson
20161104,881,2.9449759084120477,Jackson
20161105,8644,3.936714758211204,Jackson
20161106,8677,3.9383695974518065,Jackson
20161107,3003,3.477555332198981,Jackson
20161108,2074,3.316808752053022,Jackson
20161109,1258,3.09968064110925,Jackson
20161110,1362,3.1341771075767664,Jackson
20161111,1540,3.187520720836463,Jackson
20161112,2576,3.4109458586877746,Jackson
20161113,4575,3.6603910984024672,Jackson
20161114,2203,3.343014497150768,Jackson
20161115,2355,3.371990911464915,Jackson
20161116,1993,3.2995072987004876,Jackson
20161117,2110,3.3242824552976926,Jackson
20161118,9367,3.971600520230059,Jackson
20161119,1865,3.2706788361447066,Jackson
20161120,1829,3.262213705476417,Jackson
20161121,1337,3.1261314072619846,Jackson
20161122,1209,3.0824263008607717,Jackson
20161123,1159,3.064083435963596,Jackson
20161124,1271,3.104145550554008,Jackson
20161125,1522,3.182414652434554,Jackson
20161126,6357,3.803252211430457,Jackson
20161127,3820,3.582063362911709,Jackson
20161128,1765,3.2467447097238415,Jackson
20161129,1407,3.1482940974347455,Jackson
20161130,1472,3.16790781000148,Jackson
20161201,945,2.975431808509263,Jackson
20161202,950,2.9777236052888476,Jackson
20161203,1643,3.215637563435062,Jackson
20161204,2288,3.3594560201209864,Jackson
20161205,1431,3.1556396337597765,Jackson
20161206,3669,3.564547711755948,Jackson
20161207,1988,3.2984163800612945,Jackson
20161208,2467,3.392169149489736,Jackson
20161209,6393,3.8057047044338645,Jackson
20161210,7680,3.885361220031512,Jackson
20161211,118741,5.07460070209933,Jackson
20161212,21494,4.332317244540979,Jackson
20161213,9988,3.99947853367931,Jackson
20161214,4983,3.697490887171057,Jackson
20161215,3097,3.490941205356787,Jackson
20161216,2583,3.412124406173317,Jackson
20161217,2668,3.426185825244511,Jackson
20161218,2517,3.4008832155483626,Jackson
20161219,2588,3.4129642719966626,Jackson
20161220,2133,3.3289908554494287,Jackson
20161221,1578,3.1981069988734014,Jackson
20161222,4399,3.643353961976863,Jackson
20161223,1672,3.2232362731029975,Jackson
20161224,1843,3.2655253352190736,Jackson
20161225,1718,3.2350231594952237,Jackson
20161226,1681,3.225567713439471,Jackson
20161227,2091,3.3203540328176717,Jackson
20161228,1829,3.262213705476417,Jackson
20161229,2269,3.355834495884936,Jackson
20161230,2531,3.4032921451582543,Jackson
20161231,15495,4.190191580575302,Jackson
20170101,6588,3.8187535904977166,Jackson
20170102,3184,3.5029730590656314,Jackson
20170103,3789,3.578524605274993,Jackson
20170104,2723,3.4350476413399647,Jackson
20170105,2158,3.334051440346892,Jackson
20170106,1433,3.1562461903973444,Jackson
20170107,1718,3.2350231594952237,Jackson
20170108,1909,3.280805928393667,Jackson
20170109,2087,3.3195224490654542,Jackson
20170110,14275,4.154576116917886,Jackson
20170111,2738,3.4374334437979712,Jackson
20170112,2193,3.341038631677523,Jackson
20170113,1194,3.0770043267933502,Jackson
20170114,1205,3.080987046910887,Jackson
20170115,1408,3.1486026548060932,Jackson
20170116,1211,3.0831441431430524,Jackson
20170117,994,2.997386384397313,Jackson
20170118,845,2.926856708949692,Jackson
20170119,967,2.9854264740830017,Jackson
20170120,790,2.8976270912904414,Jackson
20170121,766,2.884228769632604,Jackson
20170122,925,2.9661417327390325,Jackson
20170123,1048,3.0203612826477078,Jackson
20170124,877,2.9429995933660407,Jackson
20170125,924,2.9656719712201065,Jackson
20170126,668,2.824776462475546,Jackson
20170127,672,2.8273692730538253,Jackson
20170128,598,2.776701183988411,Jackson
20170129,648,2.8115750058705933,Jackson
20170130,654,2.815577748324267,Jackson
20170131,545,2.7363965022766426,Jackson
20170201,673,2.828015064223977,Jackson
20170202,720,2.8573324964312685,Jackson
20170203,709,2.8506462351830666,Jackson
20170204,740,2.8692317197309762,Jackson
20170205,861,2.935003151453655,Jackson
20170206,1023,3.00987563371216,Jackson
20170207,851,2.929929560084588,Jackson
20170208,770,2.886490725172482,Jackson
20170209,1071,3.029789470831856,Jackson
20170210,764,2.8830933585756897,Jackson
20170211,760,2.8808135922807914,Jackson
20170212,728,2.862131379313037,Jackson
20170213,711,2.851869600729766,Jackson
20170214,569,2.7551122663950713,Jackson
20170215,696,2.842609239610562,Jackson
20170216,755,2.8779469516291885,Jackson
20170217,633,2.801403710017355,Jackson
20170218,612,2.7867514221455614,Jackson
20170219,580,2.7634279935629373,Jackson
20170220,602,2.7795964912578244,Jackson
20170221,587,2.7686381012476144,Jackson
20170222,677,2.8305886686851442,Jackson
20170223,618,2.790988475088816,Jackson
20170224,578,2.761927838420529,Jackson
20170225,565,2.7520484478194387,Jackson
20170226,635,2.8027737252919755,Jackson
20170227,582,2.7649229846498886,Jackson
20170228,693,2.8407332346118066,Jackson
20170301,611,2.786041210242554,Jackson
20170302,691,2.8394780473741985,Jackson
20170303,745,2.8721562727482928,Jackson
20170304,984,2.9929950984313414,Jackson
20170305,888,2.948412965778601,Jackson
20170306,849,2.928907690243953,Jackson
20170307,772,2.887617300335736,Jackson
20170308,739,2.8686444383948255,Jackson
20170309,717,2.8555191556678,Jackson
20170310,744,2.8715729355458786,Jackson
20170311,710,2.8512583487190755,Jackson
20170312,648,2.8115750058705933,Jackson
20170313,626,2.7965743332104296,Jackson
20170314,601,2.7788744720027396,Jackson
20170315,574,2.7589118923979736,Jackson
20170316,614,2.788168371141168,Jackson
20170317,544,2.73559889969818,Jackson
20170318,514,2.710963118995276,Jackson
20170319,600,2.7781512503836434,Jackson
20170320,600,2.7781512503836434,Jackson
20170321,616,2.7895807121644256,Jackson
20170322,616,2.7895807121644256,Jackson
20170323,687,2.8369567370595505,Jackson
20170324,663,2.821513528404773,Jackson
20170325,523,2.718501688867274,Jackson
20170326,536,2.72916478969277,Jackson
20170327,526,2.7209857441537393,Jackson
20170328,488,2.6884198220027105,Jackson
20170329,544,2.73559889969818,Jackson
20170330,563,2.7505083948513462,Jackson
20170331,640,2.806179973983887,Jackson
20170401,521,2.7168377232995247,Jackson
20170402,526,2.7209857441537393,Jackson
20170403,498,2.6972293427597176,Jackson
20170404,565,2.7520484478194387,Jackson
20170405,496,2.6954816764901977,Jackson
20170406,562,2.749736315569061,Jackson
20170407,601,2.7788744720027396,Jackson
20170408,555,2.7442929831226763,Jackson
20170409,502,2.7007037171450192,Jackson
20170410,560,2.7481880270062002,Jackson
20170411,502,2.7007037171450192,Jackson
20170412,632,2.800717078282385,Jackson
20170413,547,2.737987326333431,Jackson
20170414,613,2.787460474518415,Jackson
20170415,626,2.7965743332104296,Jackson
20170416,590,2.7708520116421442,Jackson
20170417,603,2.780317312140151,Jackson
20170418,574,2.7589118923979736,Jackson
20170419,597,2.775974331129369,Jackson
20170420,532,2.7259116322950483,Jackson
20170421,649,2.812244696800369,Jackson
20170422,680,2.832508912706236,Jackson
20170423,577,2.7611758131557314,Jackson
20170424,811,2.909020854211156,Jackson
20170425,902,2.9552065375419416,Jackson
20170426,1021,3.0090257420869104,Jackson
20170427,2036,3.3087777736647213,Jackson
20170428,9149,3.961373627594801,Jackson
20170429,4178,3.62096843564429,Jackson
20170430,3012,3.478854967528663,Jackson
20170501,2205,3.3434085938038574,Jackson
20170502,1413,3.1501421618485588,Jackson
20170503,1195,3.0773679052841563,Jackson
20170504,1158,3.0637085593914173,Jackson
20170505,989,2.9951962915971793,Jackson
20170506,1132,3.0538464268522527,Jackson
20170507,723,2.859138297294531,Jackson
20170508,793,2.8992731873176036,Jackson
20170509,614,2.788168371141168,Jackson
20170510,604,2.7810369386211318,Jackson
20170511,877,2.9429995933660407,Jackson
20170512,904,2.9561684304753633,Jackson
20170513,717,2.8555191556678,Jackson
20170514,917,2.962369335670021,Jackson
20170515,690,2.838849090737255,Jackson
20170516,602,2.7795964912578244,Jackson
20170517,595,2.7745169657285498,Jackson
20170518,558,2.7466341989375787,Jackson
20170519,547,2.737987326333431,Jackson
20170520,530,2.724275869600789,Jackson
20170521,593,2.7730546933642626,Jackson
20170522,534,2.727541257028556,Jackson
20170523,635,2.8027737252919755,Jackson
20170524,659,2.8188854145940097,Jackson
20170525,531,2.725094521081469,Jackson
20170526,447,2.6503075231319366,Jackson
20170527,453,2.656098202012832,Jackson
20170528,452,2.655138434811382,Jackson
20170529,478,2.6794278966121188,Jackson
20170530,438,2.6414741105040997,Jackson
20170531,452,2.655138434811382,Jackson
20170601,419,2.622214022966295,Jackson
20170602,566,2.7528164311882715,Jackson
20170603,814,2.910624404889201,Jackson
20170604,675,2.829303772831025,Jackson
20170605,431,2.6344772701607315,Jackson
20170606,430,2.6334684555795866,Jackson
20170607,446,2.649334858712142,Jackson
20170608,373,2.571708831808688,Jackson
20170609,399,2.6009728956867484,Jackson
20170610,357,2.552668216112193,Jackson
20170611,393,2.5943925503754266,Jackson
20170612,383,2.583198773968623,Jackson
20170613,349,2.5428254269591797,Jackson
20170614,383,2.583198773968623,Jackson
20170615,375,2.574031267727719,Jackson
20170616,478,2.6794278966121188,Jackson
20170617,402,2.60422605308447,Jackson
20170618,521,2.7168377232995247,Jackson
20170619,554,2.74350976472843,Jackson
20170620,480,2.681241237375587,Jackson
20170621,469,2.6711728427150834,Jackson
20170622,449,2.6522463410033232,Jackson
20170623,517,2.7134905430939424,Jackson
20170624,396,2.597695185925512,Jackson
20170625,449,2.6522463410033232,Jackson
20170626,526,2.7209857441537393,Jackson
20170627,447,2.6503075231319366,Jackson
20170628,403,2.6053050461411096,Jackson
20170629,405,2.6074550232146687,Jackson
20170630,692,2.840106094456758,Jackson
20170701,574,2.7589118923979736,Jackson
20170702,498,2.6972293427597176,Jackson
20170703,475,2.6766936096248664,Jackson
20170704,420,2.6232492903979003,Jackson
20170705,456,2.658964842664435,Jackson
20170706,885,2.9469432706978256,Jackson
20170707,1343,3.1280760126687155,Jackson
20170708,633,2.801403710017355,Jackson
20170709,571,2.756636108245848,Jackson
20170710,658,2.8182258936139557,Jackson
20170711,540,2.7323937598229686,Jackson
20170712,1150,3.060697840353612,Jackson
20170713,975,2.989004615698537,Jackson
20170714,827,2.9175055095525466,Jackson
20170715,522,2.717670503002262,Jackson
20170716,513,2.7101173651118162,Jackson
20170717,625,2.7958800173440754,Jackson
20170718,590,2.7708520116421442,Jackson
20170719,537,2.7299742856995555,Jackson
20170720,721,2.857935264719429,Jackson
20170721,673,2.828015064223977,Jackson
20170722,544,2.73559889969818,Jackson
20170723,549,2.739572344450092,Jackson
20170724,627,2.7972675408307164,Jackson
20170725,692,2.840106094456758,Jackson
20170726,603,2.780317312140151,Jackson
20170727,576,2.760422483423212,Jackson
20170728,592,2.77232170672292,Jackson
20170729,727,2.8615344108590377,Jackson
20170730,680,2.832508912706236,Jackson
20170731,687,2.8369567370595505,Jackson
20170801,1048,3.0203612826477078,Jackson
20170802,985,2.9934362304976116,Jackson
20170803,749,2.8744818176994666,Jackson
20170804,838,2.9232440186302764,Jackson
20170805,677,2.8305886686851442,Jackson
20170806,788,2.8965262174895554,Jackson
20170807,913,2.960470777534299,Jackson
20170808,916,2.9618954736678504,Jackson
20170809,990,2.99563519459755,Jackson
20170810,1199,3.0788191830988487,Jackson
20170811,948,2.976808337338066,Jackson
20170812,962,2.983175072037813,Jackson
20170813,1170,3.0681858617461617,Jackson
20170814,1098,3.040602340114073,Jackson
20170815,1372,3.137354111370733,Jackson
20170816,1579,3.1983821300082944,Jackson
20170817,943,2.9745116927373285,Jackson
20170818,969,2.986323777050765,Jackson
20170819,1303,3.1149444157125847,Jackson
20170820,1423,3.153204900084284,Jackson
20170821,1165,3.0663259253620376,Jackson
20170822,1412,3.149834696715785,Jackson
20170823,954,2.979548374704095,Jackson
20170824,905,2.9566485792052033,Jackson
20170825,909,2.9585638832219674,Jackson
20170826,1266,3.1024337056813365,Jackson
20170827,1245,3.095169351431755,Jackson
20170828,1222,3.0870712059065353,Jackson
20170829,1356,3.1322596895310446,Jackson
20170830,1177,3.0707764628434346,Jackson
20170831,1314,3.118595365223762,Jackson
20170901,1601,3.2043913319193,Jackson
20170902,5728,3.758003009299799,Jackson
20170903,8033,3.9048777669634047,Jackson
20170904,2462,3.3912880485952974,Jackson
20170905,1859,3.2692793897718984,Jackson
20170906,1151,3.0610753236297916,Jackson
20170907,1097,3.0402066275747113,Jackson
20170908,991,2.9960736544852753,Jackson
20170909,16571,4.219348717313578,Jackson
20170910,9565,3.9806849743633146,Jackson
20170911,3198,3.504878459410216,Jackson
20170912,2808,3.4483971034577676,Jackson
20170913,3322,3.521399628115376,Jackson
20170914,3404,3.53198955141255,Jackson
20170915,4718,3.6737579365495767,Jackson
20170916,8302,3.9191827290425008,Jackson
20170917,17672,4.247285702863379,Jackson
20170918,2047,3.311117842662506,Jackson
20170919,1556,3.1920095926536702,Jackson
20170920,1235,3.0916669575956846,Jackson
20170921,979,2.9907826918031377,Jackson
20170922,1213,3.083860800866573,Jackson
20170923,2071,3.3161800988934527,Jackson
20170924,1878,3.273695587930092,Jackson
20170925,1183,3.0729847446279304,Jackson
20170926,1102,3.042181594515766,Jackson
20170927,956,2.9804578922761,Jackson
20170928,833,2.9206450014067875,Jackson
20170929,749,2.8744818176994666,Jackson
20170930,1550,3.1903316981702914,Jackson
20171001,1872,3.2723058444020863,Jackson
20171002,1274,3.1051694279993316,Jackson
20171003,1092,3.0382226383687185,Jackson
20171004,911,2.9595183769729982,Jackson
20171005,1296,3.1126050015345745,Jackson
20171006,4123,3.6152133348013584,Jackson
20171007,1374,3.137986732723532,Jackson
20171008,1448,3.1607685618611283,Jackson
20171009,1411,3.149527013754348,Jackson
20171010,1157,3.0633333589517497,Jackson
20171011,879,2.9439888750737717,Jackson
20171012,799,2.902546779313991,Jackson
20171013,809,2.9079485216122722,Jackson
20171014,2293,3.3604040547299387,Jackson
20171015,1648,3.216957207361097,Jackson
20171016,1161,3.064832219738574,Jackson
20171017,1251,3.09725730969342,Jackson
20171018,731,2.8639173769578603,Jackson
20171019,735,2.8662873390841948,Jackson
20171020,769,2.885926339801431,Jackson
20171021,5802,3.7635777244666455,Jackson
20171022,2067,3.3153404766272883,Jackson
20171023,1206,3.0813473078041325,Jackson
20171024,1103,3.0425755124401905,Jackson
20171025,1216,3.084933574936716,Jackson
20171026,1001,3.000434077479319,Jackson
20171027,815,2.9111576087399764,Jackson
20171028,1889,3.2762319579218335,Jackson
20171029,1711,3.2332500095411003,Jackson
20171030,1275,3.1055101847699738,Jackson
20171031,1295,3.1122697684172707,Jackson
20171101,1143,3.0580462303952816,Jackson
20171102,1142,3.0576661039098294,Jackson
20171103,1190,3.0755469613925306,Jackson
20171104,1370,3.1367205671564067,Jackson
20171105,1733,3.238798562713917,Jackson
20171106,1156,3.0629578340845103,Jackson
20171107,1031,3.0132586652835167,Jackson
20171108,955,2.9800033715837464,Jackson
20171109,842,2.9253120914996495,Jackson
20171110,876,2.9425041061680806,Jackson
20171111,1730,3.2380461031287955,Jackson
20171112,2317,3.364926033789976,Jackson
20171113,1258,3.09968064110925,Jackson
20171114,1280,3.1072099696478683,Jackson
20171115,1109,3.04493154614916,Jackson
20171116,836,2.9222062774390163,Jackson
20171117,1007,3.003029470553618,Jackson
20171118,1574,3.1970047280230456,Jackson
20171119,2621,3.4184670209466006,Jackson
20171120,1576,3.1975562131535367,Jackson
20171121,1748,3.2425414282983844,Jackson
20171122,1273,3.1048284036536553,Jackson
20171123,1048,3.0203612826477078,Jackson
20171124,1324,3.121887985103681,Jackson
20171125,4362,3.6396856612426816,Jackson
20171126,3261,3.513350798805957,Jackson
20171127,1699,3.230193378869046,Jackson
20171128,1707,3.2322335211147335,Jackson
20171129,1456,3.1631613749770184,Jackson
20171130,1258,3.09968064110925,Jackson
20171201,1373,3.137670537236755,Jackson
20171202,2073,3.3165993020938607,Jackson
20171203,2354,3.371806458507416,Jackson
20171204,1840,3.2648178230095364,Jackson
20171205,6151,3.788945727023748,Jackson
20171206,2634,3.420615770625765,Jackson
20171207,2427,3.385069776331935,Jackson
20171208,3284,3.516403148447403,Jackson
20171209,5427,3.734559821579476,Jackson
20171210,17933,4.253652948483564,Jackson
20171211,3343,3.5241363765925686,Jackson
20171212,1765,3.2467447097238415,Jackson
20171213,1666,3.2216749970707688,Jackson
20171214,1395,3.144574207609616,Jackson
20171215,1112,3.0461047872460387,Jackson
20171216,954,2.979548374704095,Jackson
20171217,945,2.975431808509263,Jackson
20171218,922,2.9647309210536292,Jackson
20171219,945,2.975431808509263,Jackson
20171220,870,2.9395192526186187,Jackson
20171221,810,2.90848501887865,Jackson
20171222,1101,3.041787318971752,Jackson
20171223,1146,3.059184617631371,Jackson
20171224,1303,3.1149444157125847,Jackson
20171225,1113,3.0464951643347082,Jackson
20171226,1081,3.03382569395331,Jackson
20171227,1420,3.1522883443830563,Jackson
20171228,1668,3.22219604630172,Jackson
20171229,1910,3.2810333672477277,Jackson
20171230,14900,4.173186268412274,Jackson
20171231,4219,3.625209525381881,Jackson
20180101,3487,3.5424519473759766,Jackson
20180102,5675,3.7539658658651605,Jackson
20180103,2260,3.3541084391474008,Jackson
20180104,2690,3.429752280002408,Jackson
20180105,6686,3.82516637225655,Jackson
20180106,4790,3.680335513414563,Jackson
20180107,3247,3.5114822886260013,Jackson
20180108,2148,3.332034277027518,Jackson
20180109,3106,3.49220145139254,Jackson
20180110,1577,3.197831693328903,Jackson
20180111,1309,3.116939646550756,Jackson
20180112,1176,3.0704073217401198,Jackson
20180113,1149,3.060320028688285,Jackson
20180114,1715,3.2342641243787895,Jackson
20180115,1308,3.1166077439882485,Jackson
20180116,1123,3.050379756261458,Jackson
20180117,991,2.9960736544852753,Jackson
20180118,1230,3.089905111439398,Jackson
20180119,1321,3.1209028176145273,Jackson
20180120,1105,3.0433622780211294,Jackson
20180121,1066,3.0277572046905536,Jackson
20180122,1525,3.1832698436828046,Jackson
20180123,1091,3.037824750588342,Jackson
20180124,1072,3.030194785356751,Jackson
20180125,913,2.960470777534299,Jackson
20180126,890,2.949390006644913,Jackson
20180127,1092,3.0382226383687185,Jackson
20180128,917,2.962369335670021,Jackson
20180129,776,2.8898617212581885,Jackson
20180130,711,2.851869600729766,Jackson
20180131,978,2.9903388547876015,Jackson
20180201,828,2.9180303367848803,Jackson
20180202,696,2.842609239610562,Jackson
20180203,646,2.8102325179950842,Jackson
20180204,745,2.8721562727482928,Jackson
20180205,920,2.963787827345555,Jackson
20180206,917,2.962369335670021,Jackson
20180207,851,2.929929560084588,Jackson
20180208,770,2.886490725172482,Jackson
20180209,711,2.851869600729766,Jackson
20180210,683,2.8344207036815328,Jackson
20180211,784,2.8943160626844384,Jackson
20180212,926,2.966610986681934,Jackson
20180213,1108,3.044539760392411,Jackson
20180214,940,2.9731278535996988,Jackson
20180215,805,2.9057958803678687,Jackson
20180216,831,2.919601023784111,Jackson
20180217,679,2.8318697742805017,Jackson
20180218,617,2.7902851640332416,Jackson
20180219,1057,3.024074987307426,Jackson
20180220,2573,3.4104397862103464,Jackson
20180221,2278,3.3575537197430814,Jackson
20180222,1764,3.246498580795801,Jackson
20180223,2634,3.420615770625765,Jackson
20180224,1416,3.15106325335375,Jackson
20180225,1146,3.059184617631371,Jackson
20180226,1443,3.159266331093494,Jackson
20180227,1734,3.2390490931401916,Jackson
20180228,1639,3.214578953570499,Jackson
20180301,1778,3.249931756634195,Jackson
20180302,4316,3.635081436010873,Jackson
20180303,8422,3.925415237084246,Jackson
20180304,4422,3.6456187382426952,Jackson
20180305,2774,3.443106456737266,Jackson
20180306,2241,3.350441856535061,Jackson
20180307,2271,3.3562171342197353,Jackson
20180308,1626,3.2111205412580492,Jackson
20180309,1462,3.1649473726218416,Jackson
20180310,1377,3.1389339402569236,Jackson
20180311,1148,3.059941888061955,Jackson
20180312,1228,3.089198366805149,Jackson
20180313,1566,3.1947917577219247,Jackson
20180314,1298,3.1132746924643504,Jackson
20180315,1140,3.0569048513364727,Jackson
20180316,1033,3.0141003215196207,Jackson
20180317,1187,3.074450718954591,Jackson
20180318,1074,3.0310042813635367,Jackson
20180319,1197,3.0780941504064105,Jackson
20180320,1650,3.2174839442139063,Jackson
20180321,1542,3.188084373714938,Jackson
20180322,1636,3.2137832993353044,Jackson
20180323,1327,3.1228709228644354,Jackson
20180324,996,2.998259338423699,Jackson
20180325,888,2.948412965778601,Jackson
20180326,1708,3.232487866352986,Jackson
20180327,1315,3.1189257528257768,Jackson
20180328,1545,3.1889284837608534,Jackson
20180329,3627,3.5595475555804343,Jackson
20180330,3399,3.5313511645830595,Jackson
20180331,1498,3.1755118133634475,Jackson
20180401,1039,3.016615547557177,Jackson
20180402,1182,3.0726174765452368,Jackson
20180403,2322,3.365862215402555,Jackson
20180404,2483,3.394976719554564,Jackson
20180405,1643,3.215637563435062,Jackson
20180406,1279,3.106870544478654,Jackson
20180407,1050,3.0211892990699383,Jackson
20180408,967,2.9854264740830017,Jackson
20180409,973,2.988112840268352,Jackson
20180410,1090,3.037426497940624,Jackson
20180411,1729,3.2377949932739227,Jackson
20180412,2530,3.403120521175818,Jackson
20180413,2103,3.322839272686321,Jackson
20180414,1006,3.0025979807199086,Jackson
20180415,1121,3.049605612594973,Jackson
20180416,1131,3.053462604925455,Jackson
20180417,1078,3.03261876085072,Jackson
20180418,1086,3.035829825252828,Jackson
20180419,1633,3.212986184736668,Jackson
20180420,1211,3.0831441431430524,Jackson
20180421,971,2.9872192299080047,Jackson
20180422,1145,3.0588054866759067,Jackson
20180423,2643,3.4220971631317103,Jackson
20180424,3175,3.5017437296279943,Jackson
20180425,4092,3.6119356250401227,Jackson
20180426,8410,3.924795995797912,Jackson
20180427,89096,4.949858206652782,Jackson
20180428,17759,4.249418507235988,Jackson
20180429,9219,3.964683814976041,Jackson
20180430,7823,3.8933733302460247,Jackson
20180501,4902,3.690373306916059,Jackson
20180502,3767,3.5759956202032677,Jackson
20180503,3186,3.503245771465113,Jackson
20180504,2765,3.441695135640717,Jackson
20180505,2781,3.4442009888641594,Jackson
20180506,2722,3.434888120867316,Jackson
20180507,2621,3.4184670209466006,Jackson
20180508,1664,3.2211533219547053,Jackson
20180509,1526,3.1835545336188615,Jackson
20180510,1471,3.16761267272753,Jackson
20180511,1411,3.149527013754348,Jackson
20180512,1258,3.09968064110925,Jackson
20180513,1073,3.030599721965951,Jackson
20180514,1371,3.1370374547895126,Jackson
20180515,1110,3.0453229787866576,Jackson
20180516,975,2.989004615698537,Jackson
20180517,912,2.959994838328416,Jackson
20180518,811,2.909020854211156,Jackson
20180519,974,2.9885589568786157,Jackson
20180520,1206,3.0813473078041325,Jackson
20180521,1036,3.0153597554092144,Jackson
20180522,856,2.932473764677153,Jackson
20180523,853,2.930949031167523,Jackson
20180524,919,2.9633155113861114,Jackson
20180525,802,2.9041743682841634,Jackson
20180526,622,2.7937903846908188,Jackson
20180527,637,2.8041394323353503,Jackson
20180528,629,2.798650645445269,Jackson
20180529,640,2.806179973983887,Jackson
20180530,564,2.751279103983342,Jackson
20180531,587,2.7686381012476144,Jackson
20180601,555,2.7442929831226763,Jackson
20180602,549,2.739572344450092,Jackson
20180603,510,2.7075701760979363,Jackson
20180604,551,2.741151598851785,Jackson
20180605,738,2.8680563618230415,Jackson
20180606,673,2.828015064223977,Jackson
20180607,474,2.6757783416740852,Jackson
20180608,462,2.6646419755561257,Jackson
20180609,398,2.5998830720736876,Jackson
20180610,480,2.681241237375587,Jackson
20180611,477,2.678518379040114,Jackson
20180612,678,2.8312296938670634,Jackson
20180613,1102,3.042181594515766,Jackson
20180614,985,2.9934362304976116,Jackson
20180615,1091,3.037824750588342,Jackson
20180616,659,2.8188854145940097,Jackson
20180617,738,2.8680563618230415,Jackson
20180618,749,2.8744818176994666,Jackson
20180619,622,2.7937903846908188,Jackson
20180620,621,2.79309160017658,Jackson
20180621,586,2.767897616018091,Jackson
20180622,567,2.7535830588929064,Jackson
20180623,450,2.6532125137753435,Jackson
20180624,710,2.8512583487190755,Jackson
20180625,677,2.8305886686851442,Jackson
20180626,512,2.709269960975831,Jackson
20180627,455,2.6580113966571126,Jackson
20180628,437,2.640481436970422,Jackson
20180629,433,2.6364878963533656,Jackson
20180630,366,2.5634810853944106,Jackson
20180701,416,2.6190933306267428,Jackson
20180702,427,2.630427875025024,Jackson
20180703,393,2.5943925503754266,Jackson
20180704,506,2.7041505168397992,Jackson
20180705,465,2.667452952889954,Jackson
20180706,550,2.7403626894942437,Jackson
20180707,509,2.7067177823367587,Jackson
20180708,480,2.681241237375587,Jackson
20180709,471,2.673020907128896,Jackson
20180710,521,2.7168377232995247,Jackson
20180711,574,2.7589118923979736,Jackson
20180712,521,2.7168377232995247,Jackson
20180713,539,2.7315887651867388,Jackson
20180714,445,2.6483600109809315,Jackson
20180715,451,2.6541765418779604,Jackson
20180716,557,2.745855195173729,Jackson
20180717,561,2.7489628612561616,Jackson
20180718,598,2.776701183988411,Jackson
20180719,759,2.88024177589548,Jackson
20180720,856,2.932473764677153,Jackson
20180721,679,2.8318697742805017,Jackson
20180722,744,2.8715729355458786,Jackson
20180723,1083,3.0346284566253203,Jackson
20180724,964,2.984077033902831,Jackson
20180725,951,2.978180516937414,Jackson
20180726,810,2.90848501887865,Jackson
20180727,791,2.8981764834976764,Jackson
20180728,817,2.9122220565324155,Jackson
20180729,816,2.9116901587538613,Jackson
20180730,1068,3.0285712526925375,Jackson
20180731,1083,3.0346284566253203,Jackson
20180801,1182,3.0726174765452368,Jackson
20180802,3579,3.553761698390004,Jackson
20180803,12569,4.099300726233463,Jackson
20180804,2356,3.372175286115064,Jackson
20180805,1338,3.1264561134318045,Jackson
20180806,1504,3.1772478362556233,Jackson
20180807,1161,3.064832219738574,Jackson
20180808,1030,3.012837224705172,Jackson
20180809,1118,3.0484418035504044,Jackson
20180810,4190,3.622214022966295,Jackson
20180811,1563,3.193958978019187,Jackson
20180812,1246,3.095518042323151,Jackson
20180813,1179,3.071513805095089,Jackson
20180814,1242,3.0941215958405612,Jackson
20180815,1065,3.0273496077747564,Jackson
20180816,1116,3.04766419460156,Jackson
20180817,1135,3.0549958615291417,Jackson
20180818,1057,3.024074987307426,Jackson
20180819,955,2.9800033715837464,Jackson
20180820,1311,3.117602691690084,Jackson
20180821,6374,3.804412059137714,Jackson
20180822,1404,3.1473671077937864,Jackson
20180823,1110,3.0453229787866576,Jackson
20180824,1088,3.036628895362161,Jackson
20180825,1092,3.0382226383687185,Jackson
20180826,3310,3.519827993775719,Jackson
20180827,1571,3.1961761850399735,Jackson
20180828,1279,3.106870544478654,Jackson
20180829,1323,3.1215598441875008,Jackson
20180830,1604,3.2052043639481447,Jackson
20180831,2595,3.414137362184477,Jackson
20180901,1936,3.286905352972375,Jackson
20180902,7056,3.848558572123763,Jackson
20180903,1642,3.215373152783422,Jackson
20180904,1325,3.1222158782728267,Jackson
20180905,1171,3.068556895072363,Jackson
20180906,1037,3.015778756389041,Jackson
20180907,975,2.989004615698537,Jackson
20180908,1071,3.029789470831856,Jackson
20180909,2803,3.447623097760286,Jackson
20180910,3768,3.57611089412084,Jackson
20180911,2163,3.3350565194390915,Jackson
20180912,1432,3.1559430179718366,Jackson
20180913,1556,3.1920095926536702,Jackson
20180914,5952,3.7746629225378223,Jackson
20180915,1305,3.1156105116742996,Jackson
20180916,1688,3.2273724422896364,Jackson
20180917,1464,3.165541076722373,Jackson
20180918,1195,3.0773679052841563,Jackson
20180919,883,2.9459607035775686,Jackson
20180920,847,2.9278834103307068,Jackson
20180921,2352,3.371437317404101,Jackson
20180922,1499,3.1758016328482794,Jackson
20180923,2205,3.3434085938038574,Jackson
20180924,1932,3.2860071220794747,Jackson
20180925,1408,3.1486026548060932,Jackson
20180926,1281,3.1075491297446862,Jackson
20180927,1046,3.0195316845312554,Jackson
20180928,1062,3.0261245167454502,Jackson
20180929,1538,3.1869563354654122,Jackson
20180930,1756,3.244524511570084,Jackson
20181001,6436,3.808616035426992,Jackson
20181002,1414,3.150449409460881,Jackson
20181003,952,2.9786369483844743,Jackson
20181004,902,2.9552065375419416,Jackson
20181005,1051,3.021602716028242,Jackson
20181006,1479,3.1699681739968923,Jackson
20181007,1976,3.295786940251609,Jackson
20181008,1678,3.2247919564926817,Jackson
20181009,1052,3.02201573981772,Jackson
20181010,818,2.912753303671323,Jackson
20181011,721,2.857935264719429,Jackson
20181012,927,2.967079734144497,Jackson
20181013,884,2.946452265013073,Jackson
20181014,1755,3.244277120801843,Jackson
20181015,1548,3.189770956346874,Jackson
20181016,956,2.9804578922761,Jackson
20181017,770,2.886490725172482,Jackson
20181018,799,2.902546779313991,Jackson
20181019,1000,3,Jackson
20181020,745,2.8721562727482928,Jackson
20181021,3183,3.502836638621003,Jackson
20181022,2131,3.328583449714202,Jackson
20181023,1145,3.0588054866759067,Jackson
20181024,915,2.9614210940664485,Jackson
20181025,1023,3.00987563371216,Jackson
20181026,1348,3.129689892199301,Jackson
20181027,988,2.9947569445876283,Jackson
20181028,2029,3.307282047033346,Jackson
20181029,1666,3.2216749970707688,Jackson
20181030,1300,3.113943352306837,Jackson
20181031,926,2.966610986681934,Jackson
20181101,881,2.9449759084120477,Jackson
20181102,906,2.957128197676813,Jackson
20181103,1745,3.241795431295199,Jackson
20181104,3552,3.5504729571065634,Jackson
20181105,1756,3.244524511570084,Jackson
20181106,1503,3.176958980586908,Jackson
20181107,1239,3.0930713063760633,Jackson
20181108,857,2.932980821923198,Jackson
20181109,1173,3.0692980121155293,Jackson
20181110,2509,3.3995006613146104,Jackson
20181111,1981,3.296884475538547,Jackson
20181112,1854,3.2681097298084785,Jackson
20181113,1480,3.1702617153949575,Jackson
20181114,1711,3.2332500095411003,Jackson
20181115,1585,3.2000292665537704,Jackson
20181116,1414,3.150449409460881,Jackson
20181117,1385,3.1414497734004674,Jackson
20181118,15681,4.195373754817413,Jackson
20181119,10750,4.031408464251625,Jackson
20181120,3899,3.590953235187986,Jackson
20181121,2381,3.37675939540488,Jackson
20181122,2339,3.3690302218091532,Jackson
20181123,2214,3.345177616542704,Jackson
20181124,1973,3.295127085252191,Jackson
20181125,8079,3.9073576081311727,Jackson
20181126,6277,3.7977521286507105,Jackson
20181127,3563,3.5518158223510157,Jackson
20181128,3571,3.552789850192782,Jackson
20181129,2145,3.331427296520743,Jackson
20181130,1830,3.2624510897304293,Jackson
20181201,1511,3.1792644643390253,Jackson
20181202,8793,3.944137073158098,Jackson
20181203,4413,3.6447339274471924,Jackson
20181204,2774,3.443106456737266,Jackson
20181205,2067,3.3153404766272883,Jackson
20181206,1947,3.2893659515200318,Jackson
20181207,2567,3.4094258686714434,Jackson
20181208,1923,3.28397928423848,Jackson
20181209,15541,4.191478960443599,Jackson
20181210,4375,3.640978057358332,Jackson
20181211,2176,3.3376588910261424,Jackson
20181212,3773,3.5766868052009957,Jackson
20181213,3805,3.5803546611065915,Jackson
20181214,2136,3.3296012483565187,Jackson
20181215,1747,3.2422929049829308,Jackson
20181216,13656,4.135323508106677,Jackson
20181217,6283,3.798167059715939,Jackson
20181218,3048,3.4840149626675627,Jackson
20181219,2203,3.343014497150768,Jackson
20181220,1884,3.2750808984568587,Jackson
20181221,1672,3.2232362731029975,Jackson
20181222,2584,3.4122925093230463,Jackson
20181223,35776,4.553591781870311,Jackson
20181224,5646,3.7517408738109004,Jackson
20181225,3222,3.5081255360831993,Jackson
20181226,2502,3.398287305357401,Jackson
20181227,2735,3.4369573306694496,Jackson
20181228,2544,3.4055171069763763,Jackson
20181229,2917,3.4649364291217326,Jackson
20181230,22823,4.35837273025802,Jackson
20181231,62984,4.799230238433963,Jackson
20190101,11815,4.072433725968388,Jackson
20190102,11098,4.045244720478147,Jackson
20190103,13143,4.118694507897838,Jackson
20190104,9023,3.95535095736766,Jackson
20190105,10130,4.005609445360281,Jackson
20190106,76482,4.883559236192821,Jackson
20190107,18819,4.2745965422569965,Jackson
20190108,7691,3.8859828113549733,Jackson
20190109,3025,3.4807253789884878,Jackson
20190110,2961,3.471438407389299,Jackson
20190111,2146,3.3316297176299323,Jackson
20190112,2586,3.4126285205443754,Jackson
20190113,2880,3.459392487759231,Jackson
20190114,2250,3.3521825181113627,Jackson
20190115,1655,3.2187979981117376,Jackson
20190116,1459,3.1640552918934515,Jackson
20190117,1264,3.1017470739463664,Jackson
20190118,1215,3.084576277934331,Jackson
20190119,1048,3.0203612826477078,Jackson
20190120,1581,3.198931869932209,Jackson
20190121,1822,3.2605483726369795,Jackson
20190122,1182,3.0726174765452368,Jackson
20190123,972,2.9876662649262746,Jackson
20190124,961,2.9827233876685453,Jackson
20190125,953,2.979092900638326,Jackson
20190126,824,2.9159272116971158,Jackson
20190127,1058,3.024485667699167,Jackson
20190128,823,2.91539983521227,Jackson
20190129,765,2.8836614351536176,Jackson
20190130,742,2.870403905279027,Jackson
20190131,738,2.8680563618230415,Jackson
20190201,1322,3.1212314551496214,Jackson
20190202,1071,3.029789470831856,Jackson
20190203,1401,3.1464381352857744,Jackson
20190204,1765,3.2467447097238415,Jackson
20190205,994,2.997386384397313,Jackson
20190206,868,2.938519725176492,Jackson
20190207,711,2.851869600729766,Jackson
20190208,746,2.8727388274726686,Jackson
20190209,727,2.8615344108590377,Jackson
20190210,728,2.862131379313037,Jackson
20190211,954,2.979548374704095,Jackson
20190212,1137,3.0557604646877348,Jackson
20190213,3975,3.5993371329924893,Jackson
20190214,2728,3.4358443659844413,Jackson
20190215,1314,3.118595365223762,Jackson
20190216,954,2.979548374704095,Jackson
20190217,877,2.9429995933660407,Jackson
20190218,823,2.91539983521227,Jackson
20190219,932,2.9694159123539814,Jackson
20190220,874,2.941511432634403,Jackson
20190221,787,2.8959747323590648,Jackson
20190222,609,2.784617292632875,Jackson
20190223,544,2.73559889969818,Jackson
20190224,566,2.7528164311882715,Jackson
20190225,699,2.8444771757456815,Jackson
20190226,721,2.857935264719429,Jackson
20190227,647,2.8109042806687006,Jackson
20190228,931,2.9689496809813427,Jackson
20190301,840,2.9242792860618816,Jackson
20190302,747,2.873320601815399,Jackson
20190303,676,2.829946695941636,Jackson
20190304,872,2.940516484932567,Jackson
20190305,724,2.859738566197147,Jackson
20190306,729,2.8627275283179747,Jackson
20190307,681,2.833147111912785,Jackson
20190308,752,2.876217840591642,Jackson
20190309,531,2.725094521081469,Jackson
20190310,587,2.7686381012476144,Jackson
20190311,622,2.7937903846908188,Jackson
20190312,734,2.8656960599160706,Jackson
20190313,1960,3.292256071356476,Jackson
20190314,2432,3.385963570600697,Jackson
20190315,1182,3.0726174765452368,Jackson
20190316,915,2.9614210940664485,Jackson
20190317,858,2.9334872878487053,Jackson
20190318,831,2.919601023784111,Jackson
20190319,828,2.9180303367848803,Jackson
20190320,737,2.8674674878590514,Jackson
20190321,841,2.924795995797912,Jackson
20190322,806,2.906335041805091,Jackson
20190323,588,2.7693773260761385,Jackson
20190324,629,2.798650645445269,Jackson
20190325,718,2.8561244442423,Jackson
20190326,708,2.850033257689769,Jackson
20190327,691,2.8394780473741985,Jackson
20190328,625,2.7958800173440754,Jackson
20190329,569,2.7551122663950713,Jackson
20190330,525,2.720159303405957,Jackson
20190331,526,2.7209857441537393,Jackson
20190401,552,2.741939077729199,Jackson
20190402,554,2.74350976472843,Jackson
20190403,520,2.716003343634799,Jackson
20190404,565,2.7520484478194387,Jackson
20190405,559,2.747411807886423,Jackson
20190406,523,2.718501688867274,Jackson
20190407,573,2.75815462196739,Jackson
20190408,552,2.741939077729199,Jackson
20190409,580,2.7634279935629373,Jackson
20190410,459,2.661812685537261,Jackson
20190411,574,2.7589118923979736,Jackson
20190412,520,2.716003343634799,Jackson
20190413,396,2.597695185925512,Jackson
20190414,458,2.660865478003869,Jackson
20190415,607,2.7831886910752575,Jackson
20190416,667,2.824125833916549,Jackson
20190417,675,2.829303772831025,Jackson
20190418,659,2.8188854145940097,Jackson
20190419,663,2.821513528404773,Jackson
20190420,609,2.784617292632875,Jackson
20190421,648,2.8115750058705933,Jackson
20190422,664,2.8221680793680175,Jackson
20190423,836,2.9222062774390163,Jackson
20190424,793,2.8992731873176036,Jackson
20190425,1125,3.0511525224473814,Jackson
20190426,4649,3.667359546183087,Jackson
20190427,2842,3.4536240735914507,Jackson
20190428,1531,3.184975190698261,Jackson
20190429,1393,3.1439511164239633,Jackson
20190430,1207,3.081707270097349,Jackson
20190501,910,2.9590413923210934,Jackson
20190502,868,2.938519725176492,Jackson
20190503,827,2.9175055095525466,Jackson
20190504,722,2.858537197569639,Jackson
20190505,674,2.82865989653532,Jackson
20190506,752,2.876217840591642,Jackson
20190507,696,2.842609239610562,Jackson
20190508,591,2.7715874808812555,Jackson
20190509,601,2.7788744720027396,Jackson
20190510,656,2.8169038393756605,Jackson
20190511,610,2.785329835010767,Jackson
20190512,578,2.761927838420529,Jackson
20190513,653,2.814913181275074,Jackson
20190514,778,2.890979596989689,Jackson
20190515,582,2.7649229846498886,Jackson
20190516,544,2.73559889969818,Jackson
20190517,577,2.7611758131557314,Jackson
20190518,506,2.7041505168397992,Jackson
20190519,492,2.69196510276736,Jackson
20190520,503,2.7015679850559273,Jackson
20190521,526,2.7209857441537393,Jackson
20190522,482,2.6830470382388496,Jackson
20190523,575,2.7596678446896306,Jackson
20190524,690,2.838849090737255,Jackson
20190525,624,2.795184589682424,Jackson
20190526,495,2.694605198933569,Jackson
20190527,551,2.741151598851785,Jackson
20190528,574,2.7589118923979736,Jackson
20190529,541,2.7331972651065692,Jackson
20190530,651,2.813580988568192,Jackson
20190531,434,2.637489729512511,Jackson
20190601,422,2.625312450961674,Jackson
20190602,389,2.5899496013257077,Jackson
20190603,489,2.6893088591236203,Jackson
20190604,450,2.6532125137753435,Jackson
20190605,513,2.7101173651118162,Jackson
20190606,452,2.655138434811382,Jackson
20190607,465,2.667452952889954,Jackson
20190608,386,2.586587304671755,Jackson
20190609,982,2.9921114877869495,Jackson
20190610,662,2.8208579894397,Jackson
20190611,463,2.6655809910179533,Jackson
20190612,434,2.637489729512511,Jackson
20190613,597,2.775974331129369,Jackson
20190614,463,2.6655809910179533,Jackson
20190615,433,2.6364878963533656,Jackson
20190616,421,2.6242820958356683,Jackson
20190617,436,2.639486489268586,Jackson
20190618,507,2.705007959333336,Jackson
20190619,443,2.6464037262230695,Jackson
20190620,452,2.655138434811382,Jackson
20190621,389,2.5899496013257077,Jackson
20190622,383,2.583198773968623,Jackson
20190623,389,2.5899496013257077,Jackson
20190624,442,2.645422269349092,Jackson
20190625,407,2.60959440922522,Jackson
20190626,538,2.7307822756663893,Jackson
20190627,653,2.814913181275074,Jackson
20190628,474,2.6757783416740852,Jackson
20190629,385,2.5854607295085006,Jackson
20190630,437,2.640481436970422,Jackson
20190701,432,2.635483746814912,Jackson
20190702,406,2.6085260335771943,Jackson
20190703,444,2.6473829701146196,Jackson
20190704,393,2.5943925503754266,Jackson
20190705,366,2.5634810853944106,Jackson
20190706,353,2.5477747053878224,Jackson
20190707,437,2.640481436970422,Jackson
20190708,501,2.699837725867246,Jackson
20190709,479,2.680335513414563,Jackson
20190710,440,2.6434526764861874,Jackson
20190711,525,2.720159303405957,Jackson
20190712,477,2.678518379040114,Jackson
20190713,480,2.681241237375587,Jackson
20190714,552,2.741939077729199,Jackson
20190715,1166,3.0666985504229953,Jackson
20190716,567,2.7535830588929064,Jackson
20190717,746,2.8727388274726686,Jackson
20190718,999,2.9995654882259823,Jackson
20190719,722,2.858537197569639,Jackson
20190720,549,2.739572344450092,Jackson
20190721,608,2.783903579272735,Jackson
20190722,668,2.824776462475546,Jackson
20190723,723,2.859138297294531,Jackson
20190724,791,2.8981764834976764,Jackson
20190725,871,2.9400181550076634,Jackson
20190726,1055,3.0232524596337114,Jackson
20190727,809,2.9079485216122722,Jackson
20190728,999,2.9995654882259823,Jackson
20190729,1265,3.1020905255118367,Jackson
20190730,1509,3.17868923977559,Jackson
20190731,1287,3.1095785469043866,Jackson
20190801,1100,3.041392685158225,Jackson
20190802,1370,3.1367205671564067,Jackson
20190803,939,2.972665592266111,Jackson
20190804,995,2.9978230807457256,Jackson
20190805,1129,3.052693941924968,Jackson
20190806,1152,3.061452479087193,Jackson
20190807,1040,3.0170333392987803,Jackson
20190808,1281,3.1075491297446862,Jackson
20190809,3231,3.509336958017644,Jackson
20190810,1225,3.0881360887005513,Jackson
20190811,1102,3.042181594515766,Jackson
20190812,1058,3.024485667699167,Jackson
20190813,1193,3.076640443670342,Jackson
20190814,1129,3.052693941924968,Jackson
20190815,1377,3.1389339402569236,Jackson
20190816,6144,3.7884512070234555,Jackson
20190817,2125,3.3273589343863303,Jackson
20190818,1510,3.1789769472931693,Jackson
20190819,1562,3.1936810295412816,Jackson
20190820,2295,3.36078268987328,Jackson
20190821,1444,3.1595671932336202,Jackson
20190822,1674,3.2237554536572413,Jackson
20190823,1997,3.3003780648707024,Jackson
20190824,1316,3.1192558892779365,Jackson
20190825,2286,3.359076226059263,Jackson
20190826,1938,3.2873537727147464,Jackson
20190827,1614,3.2079035303860515,Jackson
20190828,1825,3.2612628687924934,Jackson
20190829,1698,3.229937685907934,Jackson
20190830,2271,3.3562171342197353,Jackson
20190831,1985,3.297760511099134,Jackson
20190901,1858,3.269045709657623,Jackson
20190902,2733,3.436639631692661,Jackson
20190903,4894,3.6896639650157703,Jackson
20190904,2293,3.3604040547299387,Jackson
20190905,2194,3.3412366232386925,Jackson
20190906,2376,3.375846436309156,Jackson
20190907,2385,3.3774883833761327,Jackson
20190908,33077,4.519526113258743,Jackson
20190909,33856,4.529635646019073,Jackson
20190910,13394,4.126910294600161,Jackson
20190911,6836,3.834802054048699,Jackson
20190912,7916,3.8985057855343586,Jackson
20190913,10336,4.014352500651009,Jackson
20190914,4349,3.638389407665336,Jackson
20190915,20079,4.302742079723163,Jackson
20190916,18316,4.26283063485566,Jackson
20190917,9372,3.971832279924925,Jackson
20190918,6308,3.799891684656865,Jackson
20190919,6041,3.781108835729466,Jackson
20190920,9053,3.956792520370495,Jackson
20190921,4887,3.689042339028172,Jackson
20190922,31647,4.500332547048551,Jackson
20190923,10293,4.012541972775836,Jackson
20190924,5164,3.712986233594383,Jackson
20190925,4067,3.6092741724045876,Jackson
20190926,4051,3.607562243183588,Jackson
20190927,3339,3.523616419054371,Jackson
20190928,4443,3.6476763132408707,Jackson
20190929,9751,3.98904915643822,Jackson
20190930,6099,3.785258633357701,Jackson
20191001,2718,3.4342494523964757,Jackson
20191002,2120,3.326335860928751,Jackson
20191003,1861,3.269746373130767,Jackson
20191004,1707,3.2322335211147335,Jackson
20191005,1583,3.199480914862356,Jackson
20191006,7863,3.8955882756662628,Jackson
20191007,3767,3.5759956202032677,Jackson
20191008,2543,3.405346360175709,Jackson
20191009,2002,3.3014640731433,Jackson
20191010,1844,3.2657609167176105,Jackson
20191011,1566,3.1947917577219247,Jackson
20191012,1849,3.266936911159173,Jackson
20191013,7032,3.8470788620657155,Jackson
20191014,6344,3.8023631743095474,Jackson
20191015,3511,3.545430829465351,Jackson
20191016,2348,3.370698092575577,Jackson
20191017,2143,3.3310221710418286,Jackson
20191018,3617,3.5583485087616196,Jackson
20191019,2624,3.4189638307036225,Jackson
20191020,28194,4.450156695406595,Jackson
20191021,21186,4.326048967946741,Jackson
20191022,8904,3.949585151326652,Jackson
20191023,4218,3.6251065754034677,Jackson
20191024,2906,3.4632956099620027,Jackson
20191025,2513,3.400192488592576,Jackson
20191026,2546,3.4058583993176366,Jackson
20191027,3103,3.491781775584166,Jackson
20191028,3166,3.5005109105263372,Jackson
20191029,2929,3.4667193716815987,Jackson
20191030,3445,3.5371892262436444,Jackson
20191031,3173,3.501470072100412,Jackson
20191101,3865,3.5871494982543437,Jackson
20191102,3084,3.4891143693789193,Jackson
20191103,5422,3.734159513244467,Jackson
20191104,145417,5.16261518076387,Jackson
20191105,22326,4.348810920405178,Jackson
20191106,13052,4.115677065115837,Jackson
20191107,8613,3.9351544472161684,Jackson
20191108,5517,3.74170298395774,Jackson
20191109,5485,3.73917663191073,Jackson
20191110,28920,4.4611982886224935,Jackson
20191111,51227,4.7094989230909565,Jackson
20191112,26982,4.431074137951586,Jackson
20191113,15064,4.177940307008608,Jackson
20191114,13232,4.121625492208471,Jackson
20191115,10067,4.002900068611387,Jackson
20191116,7681,3.8854177651109363,Jackson
20191117,41899,4.622203657819171,Jackson
20191118,43072,4.634195038207864,Jackson
20191119,23485,4.370790564519267,Jackson
20191120,11529,4.061791639184011,Jackson
20191121,9180,3.9628426812012423,Jackson
20191122,8555,3.932220013877119,Jackson
20191123,5903,3.7710727832211948,Jackson
20191124,8831,3.9460098847657648,Jackson
20191125,12324,4.090751689644903,Jackson
20191126,263059,5.4200531648424475,Jackson
20191127,49223,4.692168079170551,Jackson
20191128,29407,4.468450721552249,Jackson
20191129,18713,4.27214341759105,Jackson
20191130,13224,4.121362840563391,Jackson
20191201,70619,4.848921563445758,Jackson
20191202,44923,4.652468751149991,Jackson
20191203,17499,4.2430132311496775,Jackson
20191204,12347,4.091561448144972,Jackson
20191205,13753,4.138397442990546,Jackson
20191206,13406,4.1272992150577075,Jackson
20191207,10108,4.004665233247877,Jackson
20191208,26465,4.422671898327287,Jackson
20191209,18829,4.274827255438105,Jackson
20191210,13599,4.13350697377835,Jackson
20191211,11944,4.077149794716969,Jackson
20191212,15166,4.180871051650544,Jackson
20191213,173014,5.238081246925,Jackson
20191214,32621,4.513497270248867,Jackson
20191215,35232,4.546937297291658,Jackson
20191216,19948,4.299899359546325,Jackson
20191217,20945,4.321080364697238,Jackson
20191218,20896,4.32006315959498,Jackson
20191219,12632,4.101472117000238,Jackson
20191220,9944,3.997561115633588,Jackson
20191221,10590,4.024895960107485,Jackson
20191222,36059,4.557013678556548,Jackson
20191223,30753,4.487887488238088,Jackson
20191224,19600,4.292256071356476,Jackson
20191225,13599,4.13350697377835,Jackson
20191226,11646,4.066176785772006,Jackson
20191227,11340,4.054613054556888,Jackson
20191228,13006,4.11414374967188,Jackson
20191229,24565,4.39031676847084,Jackson
20191230,24088,4.381800742504703,Jackson
20191231,14978,4.175453826250483,Jackson
