Category,OrderDate,DueDate,ShipDate,OrderQuantity,UnitPrice,SalesAmount,TaxAmt,Order Month
Bikes,2011-11-01T04:00:00Z,2011-11-13T05:00:00Z,2011-11-08T05:00:00Z,1,3578.27,3578.27,286.2616,11/1/2011
Bikes,2011-11-01T04:00:00Z,2011-11-13T05:00:00Z,2011-11-08T05:00:00Z,1,3578.27,3578.27,286.2616,11/1/2011
Bikes,2011-11-01T04:00:00Z,2011-11-13T05:00:00Z,2011-11-08T05:00:00Z,1,3578.27,3578.27,286.2616,11/1/2011
Bikes,2011-11-01T04:00:00Z,2011-11-13T05:00:00Z,2011-11-08T05:00:00Z,1,3578.27,3578.27,286.2616,11/1/2011
Bikes,2011-11-01T04:00:00Z,2011-11-13T05:00:00Z,2011-11-08T05:00:00Z,1,3578.27,3578.27,286.2616,11/1/2011
Bikes,2011-11-01T04:00:00Z,2011-11-13T05:00:00Z,2011-11-08T05:00:00Z,1,3578.27,3578.27,286.2616,11/1/2011
Bikes,2011-11-01T04:00:00Z,2011-11-13T05:00:00Z,2011-11-08T05:00:00Z,1,3578.27,3578.27,286.2616,11/1/2011
Bikes,2011-11-01T04:00:00Z,2011-11-13T05:00:00Z,2011-11-08T05:00:00Z,1,3578.27,3578.27,286.2616,11/1/2011
Bikes,2011-11-01T04:00:00Z,2011-11-13T05:00:00Z,2011-11-08T05:00:00Z,1,3578.27,3578.27,286.2616,11/1/2011
Bikes,2011-11-01T04:00:00Z,2011-11-13T05:00:00Z,2011-11-08T05:00:00Z,1,3399.99,3399.99,271.9992,11/1/2011
Bikes,2011-11-01T04:00:00Z,2011-11-13T05:00:00Z,2011-11-08T05:00:00Z,1,3374.99,3374.99,269.9992,11/1/2011
Bikes,2011-11-02T04:00:00Z,2011-11-14T05:00:00Z,2011-11-09T05:00:00Z,1,699.0982,699.0982,55.9279,11/1/2011
Bikes,2011-11-02T04:00:00Z,2011-11-14T05:00:00Z,2011-11-09T05:00:00Z,1,3578.27,3578.27,286.2616,11/1/2011
Bikes,2011-11-02T04:00:00Z,2011-11-14T05:00:00Z,2011-11-09T05:00:00Z,1,3399.99,3399.99,271.9992,11/1/2011
Bikes,2011-11-02T04:00:00Z,2011-11-14T05:00:00Z,2011-11-09T05:00:00Z,1,3374.99,3374.99,269.9992,11/1/2011
Bikes,2011-11-02T04:00:00Z,2011-11-14T05:00:00Z,2011-11-09T05:00:00Z,1,699.0982,699.0982,55.9279,11/1/2011
Bikes,2011-11-03T04:00:00Z,2011-11-15T05:00:00Z,2011-11-10T05:00:00Z,1,3399.99,3399.99,271.9992,11/1/2011
Bikes,2011-11-03T04:00:00Z,2011-11-15T05:00:00Z,2011-11-10T05:00:00Z,1,699.0982,699.0982,55.9279,11/1/2011
Bikes,2011-11-03T04:00:00Z,2011-11-15T05:00:00Z,2011-11-10T05:00:00Z,1,3578.27,3578.27,286.2616,11/1/2011
Bikes,2011-11-03T04:00:00Z,2011-11-15T05:00:00Z,2011-11-10T05:00:00Z,1,3578.27,3578.27,286.2616,11/1/2011
Bikes,2011-11-03T04:00:00Z,2011-11-15T05:00:00Z,2011-11-10T05:00:00Z,1,699.0982,699.0982,55.9279,11/1/2011
Bikes,2011-11-03T04:00:00Z,2011-11-15T05:00:00Z,2011-11-10T05:00:00Z,1,3374.99,3374.99,269.9992,11/1/2011
Bikes,2011-11-03T04:00:00Z,2011-11-15T05:00:00Z,2011-11-10T05:00:00Z,1,3578.27,3578.27,286.2616,11/1/2011
Bikes,2011-11-03T04:00:00Z,2011-11-15T05:00:00Z,2011-11-10T05:00:00Z,1,699.0982,699.0982,55.9279,11/1/2011
Bikes,2011-11-03T04:00:00Z,2011-11-15T05:00:00Z,2011-11-10T05:00:00Z,1,3374.99,3374.99,269.9992,11/1/2011
Bikes,2011-11-04T04:00:00Z,2011-11-16T05:00:00Z,2011-11-11T05:00:00Z,1,3578.27,3578.27,286.2616,11/1/2011
Bikes,2011-11-04T04:00:00Z,2011-11-16T05:00:00Z,2011-11-11T05:00:00Z,1,3578.27,3578.27,286.2616,11/1/2011
Bikes,2011-11-04T04:00:00Z,2011-11-16T05:00:00Z,2011-11-11T05:00:00Z,1,3399.99,3399.99,271.9992,11/1/2011
Bikes,2011-11-04T04:00:00Z,2011-11-16T05:00:00Z,2011-11-11T05:00:00Z,1,699.0982,699.0982,55.9279,11/1/2011
Bikes,2011-11-04T04:00:00Z,2011-11-16T05:00:00Z,2011-11-11T05:00:00Z,1,3374.99,3374.99,269.9992,11/1/2011
Bikes,2011-11-05T04:00:00Z,2011-11-17T05:00:00Z,2011-11-12T05:00:00Z,1,3374.99,3374.99,269.9992,11/1/2011
Bikes,2011-11-05T04:00:00Z,2011-11-17T05:00:00Z,2011-11-12T05:00:00Z,1,3578.27,3578.27,286.2616,11/1/2011
Bikes,2011-11-05T04:00:00Z,2011-11-17T05:00:00Z,2011-11-12T05:00:00Z,1,3578.27,3578.27,286.2616,11/1/2011
Bikes,2011-11-05T04:00:00Z,2011-11-17T05:00:00Z,2011-11-12T05:00:00Z,1,3578.27,3578.27,286.2616,11/1/2011
Bikes,2011-11-05T04:00:00Z,2011-11-17T05:00:00Z,2011-11-12T05:00:00Z,1,3578.27,3578.27,286.2616,11/1/2011
Bikes,2011-11-05T04:00:00Z,2011-11-17T05:00:00Z,2011-11-12T05:00:00Z,1,3578.27,3578.27,286.2616,11/1/2011
Bikes,2011-11-05T04:00:00Z,2011-11-17T05:00:00Z,2011-11-12T05:00:00Z,1,3578.27,3578.27,286.2616,11/1/2011
Bikes,2011-11-05T04:00:00Z,2011-11-17T05:00:00Z,2011-11-12T05:00:00Z,1,3399.99,3399.99,271.9992,11/1/2011
Bikes,2011-11-05T04:00:00Z,2011-11-17T05:00:00Z,2011-11-12T05:00:00Z,1,699.0982,699.0982,55.9279,11/1/2011
Bikes,2011-11-05T04:00:00Z,2011-11-17T05:00:00Z,2011-11-12T05:00:00Z,1,3578.27,3578.27,286.2616,11/1/2011
Bikes,2011-11-06T04:00:00Z,2011-11-18T05:00:00Z,2011-11-13T05:00:00Z,1,3578.27,3578.27,286.2616,11/1/2011
Bikes,2011-11-06T04:00:00Z,2011-11-18T05:00:00Z,2011-11-13T05:00:00Z,1,3578.27,3578.27,286.2616,11/1/2011
Bikes,2011-11-06T04:00:00Z,2011-11-18T05:00:00Z,2011-11-13T05:00:00Z,1,3578.27,3578.27,286.2616,11/1/2011
Bikes,2011-11-06T04:00:00Z,2011-11-18T05:00:00Z,2011-11-13T05:00:00Z,1,3578.27,3578.27,286.2616,11/1/2011
Bikes,2011-11-06T04:00:00Z,2011-11-18T05:00:00Z,2011-11-13T05:00:00Z,1,3578.27,3578.27,286.2616,11/1/2011
Bikes,2011-11-06T04:00:00Z,2011-11-18T05:00:00Z,2011-11-13T05:00:00Z,1,3374.99,3374.99,269.9992,11/1/2011
Bikes,2011-11-07T05:00:00Z,2011-11-19T05:00:00Z,2011-11-14T05:00:00Z,1,3374.99,3374.99,269.9992,11/1/2011
Bikes,2011-11-07T05:00:00Z,2011-11-19T05:00:00Z,2011-11-14T05:00:00Z,1,3578.27,3578.27,286.2616,11/1/2011
Bikes,2011-11-07T05:00:00Z,2011-11-19T05:00:00Z,2011-11-14T05:00:00Z,1,699.0982,699.0982,55.9279,11/1/2011
Bikes,2011-11-08T05:00:00Z,2011-11-20T05:00:00Z,2011-11-15T05:00:00Z,1,3578.27,3578.27,286.2616,11/1/2011
Bikes,2011-11-08T05:00:00Z,2011-11-20T05:00:00Z,2011-11-15T05:00:00Z,1,3578.27,3578.27,286.2616,11/1/2011
Bikes,2011-11-08T05:00:00Z,2011-11-20T05:00:00Z,2011-11-15T05:00:00Z,1,3374.99,3374.99,269.9992,11/1/2011
Bikes,2011-11-08T05:00:00Z,2011-11-20T05:00:00Z,2011-11-15T05:00:00Z,1,3399.99,3399.99,271.9992,11/1/2011
Bikes,2011-11-09T05:00:00Z,2011-11-21T05:00:00Z,2011-11-16T05:00:00Z,1,3374.99,3374.99,269.9992,11/1/2011
Bikes,2011-11-09T05:00:00Z,2011-11-21T05:00:00Z,2011-11-16T05:00:00Z,1,3578.27,3578.27,286.2616,11/1/2011
Bikes,2011-11-09T05:00:00Z,2011-11-21T05:00:00Z,2011-11-16T05:00:00Z,1,3578.27,3578.27,286.2616,11/1/2011
Bikes,2011-11-09T05:00:00Z,2011-11-21T05:00:00Z,2011-11-16T05:00:00Z,1,3578.27,3578.27,286.2616,11/1/2011
Bikes,2011-11-09T05:00:00Z,2011-11-21T05:00:00Z,2011-11-16T05:00:00Z,1,3578.27,3578.27,286.2616,11/1/2011
Bikes,2011-11-09T05:00:00Z,2011-11-21T05:00:00Z,2011-11-16T05:00:00Z,1,3578.27,3578.27,286.2616,11/1/2011
Bikes,2011-11-09T05:00:00Z,2011-11-21T05:00:00Z,2011-11-16T05:00:00Z,1,3578.27,3578.27,286.2616,11/1/2011
Bikes,2011-11-09T05:00:00Z,2011-11-21T05:00:00Z,2011-11-16T05:00:00Z,1,3578.27,3578.27,286.2616,11/1/2011
Bikes,2011-11-09T05:00:00Z,2011-11-21T05:00:00Z,2011-11-16T05:00:00Z,1,3578.27,3578.27,286.2616,11/1/2011
Bikes,2011-11-10T05:00:00Z,2011-11-22T05:00:00Z,2011-11-17T05:00:00Z,1,3578.27,3578.27,286.2616,11/1/2011
Bikes,2011-11-10T05:00:00Z,2011-11-22T05:00:00Z,2011-11-17T05:00:00Z,1,699.0982,699.0982,55.9279,11/1/2011
Bikes,2011-11-10T05:00:00Z,2011-11-22T05:00:00Z,2011-11-17T05:00:00Z,1,3578.27,3578.27,286.2616,11/1/2011
Bikes,2011-11-10T05:00:00Z,2011-11-22T05:00:00Z,2011-11-17T05:00:00Z,1,3578.27,3578.27,286.2616,11/1/2011
Bikes,2011-11-10T05:00:00Z,2011-11-22T05:00:00Z,2011-11-17T05:00:00Z,1,3578.27,3578.27,286.2616,11/1/2011
Bikes,2011-11-10T05:00:00Z,2011-11-22T05:00:00Z,2011-11-17T05:00:00Z,1,3399.99,3399.99,271.9992,11/1/2011
Bikes,2011-11-10T05:00:00Z,2011-11-22T05:00:00Z,2011-11-17T05:00:00Z,1,3399.99,3399.99,271.9992,11/1/2011
Bikes,2011-11-10T05:00:00Z,2011-11-22T05:00:00Z,2011-11-17T05:00:00Z,1,3578.27,3578.27,286.2616,11/1/2011
Bikes,2011-11-10T05:00:00Z,2011-11-22T05:00:00Z,2011-11-17T05:00:00Z,1,3578.27,3578.27,286.2616,11/1/2011
Bikes,2011-11-10T05:00:00Z,2011-11-22T05:00:00Z,2011-11-17T05:00:00Z,1,3578.27,3578.27,286.2616,11/1/2011
Bikes,2011-11-10T05:00:00Z,2011-11-22T05:00:00Z,2011-11-17T05:00:00Z,1,699.0982,699.0982,55.9279,11/1/2011
Bikes,2011-11-10T05:00:00Z,2011-11-22T05:00:00Z,2011-11-17T05:00:00Z,1,3399.99,3399.99,271.9992,11/1/2011
Bikes,2011-11-10T05:00:00Z,2011-11-22T05:00:00Z,2011-11-17T05:00:00Z,1,3374.99,3374.99,269.9992,11/1/2011
Bikes,2011-11-11T05:00:00Z,2011-11-23T05:00:00Z,2011-11-18T05:00:00Z,1,3578.27,3578.27,286.2616,11/1/2011
Bikes,2011-11-11T05:00:00Z,2011-11-23T05:00:00Z,2011-11-18T05:00:00Z,1,3374.99,3374.99,269.9992,11/1/2011
Bikes,2011-11-11T05:00:00Z,2011-11-23T05:00:00Z,2011-11-18T05:00:00Z,1,3374.99,3374.99,269.9992,11/1/2011
Bikes,2011-11-11T05:00:00Z,2011-11-23T05:00:00Z,2011-11-18T05:00:00Z,1,3578.27,3578.27,286.2616,11/1/2011
Bikes,2011-11-11T05:00:00Z,2011-11-23T05:00:00Z,2011-11-18T05:00:00Z,1,3578.27,3578.27,286.2616,11/1/2011
Bikes,2011-11-11T05:00:00Z,2011-11-23T05:00:00Z,2011-11-18T05:00:00Z,1,3578.27,3578.27,286.2616,11/1/2011
Bikes,2011-11-12T05:00:00Z,2011-11-24T05:00:00Z,2011-11-19T05:00:00Z,1,699.0982,699.0982,55.9279,11/1/2011
Bikes,2011-11-12T05:00:00Z,2011-11-24T05:00:00Z,2011-11-19T05:00:00Z,1,3578.27,3578.27,286.2616,11/1/2011
Bikes,2011-11-12T05:00:00Z,2011-11-24T05:00:00Z,2011-11-19T05:00:00Z,1,3578.27,3578.27,286.2616,11/1/2011
Bikes,2011-11-12T05:00:00Z,2011-11-24T05:00:00Z,2011-11-19T05:00:00Z,1,3578.27,3578.27,286.2616,11/1/2011
Bikes,2011-11-12T05:00:00Z,2011-11-24T05:00:00Z,2011-11-19T05:00:00Z,1,3578.27,3578.27,286.2616,11/1/2011
Bikes,2011-11-12T05:00:00Z,2011-11-24T05:00:00Z,2011-11-19T05:00:00Z,1,3578.27,3578.27,286.2616,11/1/2011
Bikes,2011-11-12T05:00:00Z,2011-11-24T05:00:00Z,2011-11-19T05:00:00Z,1,3578.27,3578.27,286.2616,11/1/2011
Bikes,2011-11-13T05:00:00Z,2011-11-25T05:00:00Z,2011-11-20T05:00:00Z,1,3578.27,3578.27,286.2616,11/1/2011
Bikes,2011-11-13T05:00:00Z,2011-11-25T05:00:00Z,2011-11-20T05:00:00Z,1,3578.27,3578.27,286.2616,11/1/2011
Bikes,2011-11-13T05:00:00Z,2011-11-25T05:00:00Z,2011-11-20T05:00:00Z,1,3578.27,3578.27,286.2616,11/1/2011
Bikes,2011-11-13T05:00:00Z,2011-11-25T05:00:00Z,2011-11-20T05:00:00Z,1,3578.27,3578.27,286.2616,11/1/2011
Bikes,2011-11-13T05:00:00Z,2011-11-25T05:00:00Z,2011-11-20T05:00:00Z,1,699.0982,699.0982,55.9279,11/1/2011
Bikes,2011-11-13T05:00:00Z,2011-11-25T05:00:00Z,2011-11-20T05:00:00Z,1,699.0982,699.0982,55.9279,11/1/2011
Bikes,2011-11-13T05:00:00Z,2011-11-25T05:00:00Z,2011-11-20T05:00:00Z,1,699.0982,699.0982,55.9279,11/1/2011
Bikes,2011-11-13T05:00:00Z,2011-11-25T05:00:00Z,2011-11-20T05:00:00Z,1,3578.27,3578.27,286.2616,11/1/2011
Bikes,2011-11-13T05:00:00Z,2011-11-25T05:00:00Z,2011-11-20T05:00:00Z,1,3578.27,3578.27,286.2616,11/1/2011
Bikes,2011-11-13T05:00:00Z,2011-11-25T05:00:00Z,2011-11-20T05:00:00Z,1,3374.99,3374.99,269.9992,11/1/2011
Bikes,2011-11-13T05:00:00Z,2011-11-25T05:00:00Z,2011-11-20T05:00:00Z,1,3374.99,3374.99,269.9992,11/1/2011
Bikes,2011-11-14T05:00:00Z,2011-11-26T05:00:00Z,2011-11-21T05:00:00Z,1,3399.99,3399.99,271.9992,11/1/2011
Bikes,2011-11-14T05:00:00Z,2011-11-26T05:00:00Z,2011-11-21T05:00:00Z,1,3399.99,3399.99,271.9992,11/1/2011
Bikes,2011-11-14T05:00:00Z,2011-11-26T05:00:00Z,2011-11-21T05:00:00Z,1,3578.27,3578.27,286.2616,11/1/2011
Bikes,2011-11-14T05:00:00Z,2011-11-26T05:00:00Z,2011-11-21T05:00:00Z,1,3578.27,3578.27,286.2616,11/1/2011
Bikes,2011-11-14T05:00:00Z,2011-11-26T05:00:00Z,2011-11-21T05:00:00Z,1,3578.27,3578.27,286.2616,11/1/2011
Bikes,2011-11-14T05:00:00Z,2011-11-26T05:00:00Z,2011-11-21T05:00:00Z,1,3578.27,3578.27,286.2616,11/1/2011
Bikes,2011-11-14T05:00:00Z,2011-11-26T05:00:00Z,2011-11-21T05:00:00Z,1,3578.27,3578.27,286.2616,11/1/2011
Bikes,2011-11-14T05:00:00Z,2011-11-26T05:00:00Z,2011-11-21T05:00:00Z,1,3374.99,3374.99,269.9992,11/1/2011
Bikes,2011-11-14T05:00:00Z,2011-11-26T05:00:00Z,2011-11-21T05:00:00Z,1,3578.27,3578.27,286.2616,11/1/2011
Bikes,2011-11-15T05:00:00Z,2011-11-27T05:00:00Z,2011-11-22T05:00:00Z,1,3578.27,3578.27,286.2616,11/1/2011
Bikes,2011-11-15T05:00:00Z,2011-11-27T05:00:00Z,2011-11-22T05:00:00Z,1,3578.27,3578.27,286.2616,11/1/2011
Bikes,2011-11-15T05:00:00Z,2011-11-27T05:00:00Z,2011-11-22T05:00:00Z,1,3578.27,3578.27,286.2616,11/1/2011
Bikes,2011-11-15T05:00:00Z,2011-11-27T05:00:00Z,2011-11-22T05:00:00Z,1,3399.99,3399.99,271.9992,11/1/2011
Bikes,2011-11-15T05:00:00Z,2011-11-27T05:00:00Z,2011-11-22T05:00:00Z,1,3578.27,3578.27,286.2616,11/1/2011
Bikes,2011-11-15T05:00:00Z,2011-11-27T05:00:00Z,2011-11-22T05:00:00Z,1,3578.27,3578.27,286.2616,11/1/2011
Bikes,2011-11-15T05:00:00Z,2011-11-27T05:00:00Z,2011-11-22T05:00:00Z,1,3578.27,3578.27,286.2616,11/1/2011
Bikes,2011-11-15T05:00:00Z,2011-11-27T05:00:00Z,2011-11-22T05:00:00Z,1,3578.27,3578.27,286.2616,11/1/2011
Bikes,2011-11-16T05:00:00Z,2011-11-28T05:00:00Z,2011-11-23T05:00:00Z,1,3578.27,3578.27,286.2616,11/1/2011
Bikes,2011-11-16T05:00:00Z,2011-11-28T05:00:00Z,2011-11-23T05:00:00Z,1,699.0982,699.0982,55.9279,11/1/2011
Bikes,2011-11-16T05:00:00Z,2011-11-28T05:00:00Z,2011-11-23T05:00:00Z,1,699.0982,699.0982,55.9279,11/1/2011
Bikes,2011-11-16T05:00:00Z,2011-11-28T05:00:00Z,2011-11-23T05:00:00Z,1,3399.99,3399.99,271.9992,11/1/2011
Bikes,2011-11-16T05:00:00Z,2011-11-28T05:00:00Z,2011-11-23T05:00:00Z,1,3578.27,3578.27,286.2616,11/1/2011
Bikes,2011-11-16T05:00:00Z,2011-11-28T05:00:00Z,2011-11-23T05:00:00Z,1,3374.99,3374.99,269.9992,11/1/2011
Bikes,2011-11-17T05:00:00Z,2011-11-29T05:00:00Z,2011-11-24T05:00:00Z,1,3578.27,3578.27,286.2616,11/1/2011
Bikes,2011-11-17T05:00:00Z,2011-11-29T05:00:00Z,2011-11-24T05:00:00Z,1,3578.27,3578.27,286.2616,11/1/2011
Bikes,2011-11-17T05:00:00Z,2011-11-29T05:00:00Z,2011-11-24T05:00:00Z,1,3578.27,3578.27,286.2616,11/1/2011
Bikes,2011-11-17T05:00:00Z,2011-11-29T05:00:00Z,2011-11-24T05:00:00Z,1,3578.27,3578.27,286.2616,11/1/2011
Bikes,2011-11-17T05:00:00Z,2011-11-29T05:00:00Z,2011-11-24T05:00:00Z,1,3578.27,3578.27,286.2616,11/1/2011
Bikes,2011-11-17T05:00:00Z,2011-11-29T05:00:00Z,2011-11-24T05:00:00Z,1,3399.99,3399.99,271.9992,11/1/2011
Bikes,2011-11-18T05:00:00Z,2011-11-30T05:00:00Z,2011-11-25T05:00:00Z,1,3578.27,3578.27,286.2616,11/1/2011
Bikes,2011-11-18T05:00:00Z,2011-11-30T05:00:00Z,2011-11-25T05:00:00Z,1,3578.27,3578.27,286.2616,11/1/2011
Bikes,2011-11-18T05:00:00Z,2011-11-30T05:00:00Z,2011-11-25T05:00:00Z,1,3578.27,3578.27,286.2616,11/1/2011
Bikes,2011-11-18T05:00:00Z,2011-11-30T05:00:00Z,2011-11-25T05:00:00Z,1,3374.99,3374.99,269.9992,11/1/2011
Bikes,2011-11-18T05:00:00Z,2011-11-30T05:00:00Z,2011-11-25T05:00:00Z,1,3578.27,3578.27,286.2616,11/1/2011
Bikes,2011-11-18T05:00:00Z,2011-11-30T05:00:00Z,2011-11-25T05:00:00Z,1,3578.27,3578.27,286.2616,11/1/2011
Bikes,2011-11-19T05:00:00Z,2011-12-01T05:00:00Z,2011-11-26T05:00:00Z,1,3374.99,3374.99,269.9992,11/1/2011
Bikes,2011-11-19T05:00:00Z,2011-12-01T05:00:00Z,2011-11-26T05:00:00Z,1,3578.27,3578.27,286.2616,11/1/2011
Bikes,2011-11-19T05:00:00Z,2011-12-01T05:00:00Z,2011-11-26T05:00:00Z,1,3578.27,3578.27,286.2616,11/1/2011
Bikes,2011-11-19T05:00:00Z,2011-12-01T05:00:00Z,2011-11-26T05:00:00Z,1,3578.27,3578.27,286.2616,11/1/2011
Bikes,2011-11-19T05:00:00Z,2011-12-01T05:00:00Z,2011-11-26T05:00:00Z,1,3578.27,3578.27,286.2616,11/1/2011
Bikes,2011-11-19T05:00:00Z,2011-12-01T05:00:00Z,2011-11-26T05:00:00Z,1,3578.27,3578.27,286.2616,11/1/2011
Bikes,2011-11-20T05:00:00Z,2011-12-02T05:00:00Z,2011-11-27T05:00:00Z,1,3578.27,3578.27,286.2616,11/1/2011
Bikes,2011-11-20T05:00:00Z,2011-12-02T05:00:00Z,2011-11-27T05:00:00Z,1,3578.27,3578.27,286.2616,11/1/2011
Bikes,2011-11-20T05:00:00Z,2011-12-02T05:00:00Z,2011-11-27T05:00:00Z,1,3578.27,3578.27,286.2616,11/1/2011
Bikes,2011-11-20T05:00:00Z,2011-12-02T05:00:00Z,2011-11-27T05:00:00Z,1,3374.99,3374.99,269.9992,11/1/2011
Bikes,2011-11-20T05:00:00Z,2011-12-02T05:00:00Z,2011-11-27T05:00:00Z,1,3374.99,3374.99,269.9992,11/1/2011
Bikes,2011-11-20T05:00:00Z,2011-12-02T05:00:00Z,2011-11-27T05:00:00Z,1,3578.27,3578.27,286.2616,11/1/2011
Bikes,2011-11-20T05:00:00Z,2011-12-02T05:00:00Z,2011-11-27T05:00:00Z,1,3578.27,3578.27,286.2616,11/1/2011
Bikes,2011-11-21T05:00:00Z,2011-12-03T05:00:00Z,2011-11-28T05:00:00Z,1,699.0982,699.0982,55.9279,11/1/2011
Bikes,2011-11-21T05:00:00Z,2011-12-03T05:00:00Z,2011-11-28T05:00:00Z,1,699.0982,699.0982,55.9279,11/1/2011
Bikes,2011-11-21T05:00:00Z,2011-12-03T05:00:00Z,2011-11-28T05:00:00Z,1,3578.27,3578.27,286.2616,11/1/2011
Bikes,2011-11-21T05:00:00Z,2011-12-03T05:00:00Z,2011-11-28T05:00:00Z,1,3578.27,3578.27,286.2616,11/1/2011
Bikes,2011-11-21T05:00:00Z,2011-12-03T05:00:00Z,2011-11-28T05:00:00Z,1,3399.99,3399.99,271.9992,11/1/2011
Bikes,2011-11-21T05:00:00Z,2011-12-03T05:00:00Z,2011-11-28T05:00:00Z,1,3399.99,3399.99,271.9992,11/1/2011
Bikes,2011-11-21T05:00:00Z,2011-12-03T05:00:00Z,2011-11-28T05:00:00Z,1,3374.99,3374.99,269.9992,11/1/2011
Bikes,2011-11-21T05:00:00Z,2011-12-03T05:00:00Z,2011-11-28T05:00:00Z,1,699.0982,699.0982,55.9279,11/1/2011
Bikes,2011-11-21T05:00:00Z,2011-12-03T05:00:00Z,2011-11-28T05:00:00Z,1,3399.99,3399.99,271.9992,11/1/2011
Bikes,2011-11-22T05:00:00Z,2011-12-04T05:00:00Z,2011-11-29T05:00:00Z,1,699.0982,699.0982,55.9279,11/1/2011
Bikes,2011-11-22T05:00:00Z,2011-12-04T05:00:00Z,2011-11-29T05:00:00Z,1,3578.27,3578.27,286.2616,11/1/2011
Bikes,2011-11-22T05:00:00Z,2011-12-04T05:00:00Z,2011-11-29T05:00:00Z,1,3578.27,3578.27,286.2616,11/1/2011
Bikes,2011-11-22T05:00:00Z,2011-12-04T05:00:00Z,2011-11-29T05:00:00Z,1,3578.27,3578.27,286.2616,11/1/2011
Bikes,2011-11-22T05:00:00Z,2011-12-04T05:00:00Z,2011-11-29T05:00:00Z,1,3374.99,3374.99,269.9992,11/1/2011
Bikes,2011-11-22T05:00:00Z,2011-12-04T05:00:00Z,2011-11-29T05:00:00Z,1,3578.27,3578.27,286.2616,11/1/2011
Bikes,2011-11-22T05:00:00Z,2011-12-04T05:00:00Z,2011-11-29T05:00:00Z,1,3578.27,3578.27,286.2616,11/1/2011
Bikes,2011-11-22T05:00:00Z,2011-12-04T05:00:00Z,2011-11-29T05:00:00Z,1,3578.27,3578.27,286.2616,11/1/2011
Bikes,2011-11-22T05:00:00Z,2011-12-04T05:00:00Z,2011-11-29T05:00:00Z,1,3399.99,3399.99,271.9992,11/1/2011
Bikes,2011-11-23T05:00:00Z,2011-12-05T05:00:00Z,2011-11-30T05:00:00Z,1,699.0982,699.0982,55.9279,11/1/2011
Bikes,2011-11-23T05:00:00Z,2011-12-05T05:00:00Z,2011-11-30T05:00:00Z,1,3578.27,3578.27,286.2616,11/1/2011
Bikes,2011-11-23T05:00:00Z,2011-12-05T05:00:00Z,2011-11-30T05:00:00Z,1,3578.27,3578.27,286.2616,11/1/2011
Bikes,2011-11-23T05:00:00Z,2011-12-05T05:00:00Z,2011-11-30T05:00:00Z,1,3578.27,3578.27,286.2616,11/1/2011
Bikes,2011-11-23T05:00:00Z,2011-12-05T05:00:00Z,2011-11-30T05:00:00Z,1,3578.27,3578.27,286.2616,11/1/2011
Bikes,2011-11-23T05:00:00Z,2011-12-05T05:00:00Z,2011-11-30T05:00:00Z,1,3578.27,3578.27,286.2616,11/1/2011
Bikes,2011-11-24T05:00:00Z,2011-12-06T05:00:00Z,2011-12-01T05:00:00Z,1,3578.27,3578.27,286.2616,11/1/2011
Bikes,2011-11-24T05:00:00Z,2011-12-06T05:00:00Z,2011-12-01T05:00:00Z,1,3578.27,3578.27,286.2616,11/1/2011
Bikes,2011-11-24T05:00:00Z,2011-12-06T05:00:00Z,2011-12-01T05:00:00Z,1,699.0982,699.0982,55.9279,11/1/2011
Bikes,2011-11-24T05:00:00Z,2011-12-06T05:00:00Z,2011-12-01T05:00:00Z,1,3374.99,3374.99,269.9992,11/1/2011
Bikes,2011-11-24T05:00:00Z,2011-12-06T05:00:00Z,2011-12-01T05:00:00Z,1,3578.27,3578.27,286.2616,11/1/2011
Bikes,2011-11-25T05:00:00Z,2011-12-07T05:00:00Z,2011-12-02T05:00:00Z,1,3578.27,3578.27,286.2616,11/1/2011
Bikes,2011-11-25T05:00:00Z,2011-12-07T05:00:00Z,2011-12-02T05:00:00Z,1,3578.27,3578.27,286.2616,11/1/2011
Bikes,2011-11-25T05:00:00Z,2011-12-07T05:00:00Z,2011-12-02T05:00:00Z,1,3578.27,3578.27,286.2616,11/1/2011
Bikes,2011-11-25T05:00:00Z,2011-12-07T05:00:00Z,2011-12-02T05:00:00Z,1,3374.99,3374.99,269.9992,11/1/2011
Bikes,2011-11-25T05:00:00Z,2011-12-07T05:00:00Z,2011-12-02T05:00:00Z,1,699.0982,699.0982,55.9279,11/1/2011
Bikes,2011-11-26T05:00:00Z,2011-12-08T05:00:00Z,2011-12-03T05:00:00Z,1,3578.27,3578.27,286.2616,11/1/2011
Bikes,2011-11-27T05:00:00Z,2011-12-09T05:00:00Z,2011-12-04T05:00:00Z,1,3578.27,3578.27,286.2616,11/1/2011
Bikes,2011-11-27T05:00:00Z,2011-12-09T05:00:00Z,2011-12-04T05:00:00Z,1,3578.27,3578.27,286.2616,11/1/2011
Bikes,2011-11-27T05:00:00Z,2011-12-09T05:00:00Z,2011-12-04T05:00:00Z,1,3578.27,3578.27,286.2616,11/1/2011
Bikes,2011-11-27T05:00:00Z,2011-12-09T05:00:00Z,2011-12-04T05:00:00Z,1,3578.27,3578.27,286.2616,11/1/2011
Bikes,2011-11-27T05:00:00Z,2011-12-09T05:00:00Z,2011-12-04T05:00:00Z,1,3374.99,3374.99,269.9992,11/1/2011
Bikes,2011-11-27T05:00:00Z,2011-12-09T05:00:00Z,2011-12-04T05:00:00Z,1,699.0982,699.0982,55.9279,11/1/2011
Bikes,2011-11-27T05:00:00Z,2011-12-09T05:00:00Z,2011-12-04T05:00:00Z,1,3578.27,3578.27,286.2616,11/1/2011
Bikes,2011-11-28T05:00:00Z,2011-12-10T05:00:00Z,2011-12-05T05:00:00Z,1,3578.27,3578.27,286.2616,11/1/2011
Bikes,2011-11-28T05:00:00Z,2011-12-10T05:00:00Z,2011-12-05T05:00:00Z,1,3374.99,3374.99,269.9992,11/1/2011
Bikes,2011-11-28T05:00:00Z,2011-12-10T05:00:00Z,2011-12-05T05:00:00Z,1,699.0982,699.0982,55.9279,11/1/2011
Bikes,2011-11-29T05:00:00Z,2011-12-11T05:00:00Z,2011-12-06T05:00:00Z,1,3578.27,3578.27,286.2616,11/1/2011
Bikes,2011-11-29T05:00:00Z,2011-12-11T05:00:00Z,2011-12-06T05:00:00Z,1,3578.27,3578.27,286.2616,11/1/2011
Bikes,2011-11-29T05:00:00Z,2011-12-11T05:00:00Z,2011-12-06T05:00:00Z,1,3578.27,3578.27,286.2616,11/1/2011
Bikes,2011-11-29T05:00:00Z,2011-12-11T05:00:00Z,2011-12-06T05:00:00Z,1,3578.27,3578.27,286.2616,11/1/2011
Bikes,2011-11-30T05:00:00Z,2011-12-12T05:00:00Z,2011-12-07T05:00:00Z,1,3578.27,3578.27,286.2616,11/1/2011
Bikes,2011-11-30T05:00:00Z,2011-12-12T05:00:00Z,2011-12-07T05:00:00Z,1,3399.99,3399.99,271.9992,11/1/2011
Bikes,2011-11-30T05:00:00Z,2011-12-12T05:00:00Z,2011-12-07T05:00:00Z,1,3578.27,3578.27,286.2616,11/1/2011
Bikes,2011-11-30T05:00:00Z,2011-12-12T05:00:00Z,2011-12-07T05:00:00Z,1,699.0982,699.0982,55.9279,11/1/2011
Bikes,2011-11-30T05:00:00Z,2011-12-12T05:00:00Z,2011-12-07T05:00:00Z,1,3578.27,3578.27,286.2616,11/1/2011
Bikes,2011-11-30T05:00:00Z,2011-12-12T05:00:00Z,2011-12-07T05:00:00Z,1,3578.27,3578.27,286.2616,11/1/2011
Bikes,2011-11-30T05:00:00Z,2011-12-12T05:00:00Z,2011-12-07T05:00:00Z,1,3578.27,3578.27,286.2616,11/1/2011
Bikes,2011-11-30T05:00:00Z,2011-12-12T05:00:00Z,2011-12-07T05:00:00Z,1,3578.27,3578.27,286.2616,11/1/2011
Bikes,2011-11-30T05:00:00Z,2011-12-12T05:00:00Z,2011-12-07T05:00:00Z,1,3578.27,3578.27,286.2616,11/1/2011
Bikes,2011-11-30T05:00:00Z,2011-12-12T05:00:00Z,2011-12-07T05:00:00Z,1,3578.27,3578.27,286.2616,11/1/2011
Bikes,2011-11-30T05:00:00Z,2011-12-12T05:00:00Z,2011-12-07T05:00:00Z,1,3578.27,3578.27,286.2616,11/1/2011
Bikes,2011-11-30T05:00:00Z,2011-12-12T05:00:00Z,2011-12-07T05:00:00Z,1,3578.27,3578.27,286.2616,11/1/2011
